{
  "configVersion": 1,
  "timestamp": 1728484427435,
  "index": "/index.html",
  "assetGroups": [
    {
      "name": "Alerta cosib",
      "installMode": "prefetch",
      "updateMode": "prefetch",
      "cacheQueryOptions": {
        "ignoreVary": true
      },
      "urls": [
        "/179.9fa9a4cb4886d094.js",
        "/196.48558fbfcf625811.js",
        "/301.7b94a4b71398993d.js",
        "/338.12fcf3e57ead2a20.js",
        "/402.41f0f66fb877c563.js",
        "/416.791f2199ada68a24.js",
        "/499.dee85932469231d0.js",
        "/574.a80a1aa6c1855b37.js",
        "/622.2ec0eec4aead70d4.js",
        "/631.e54c04fc9e4dac3e.js",
        "/640.e5700d9281070595.js",
        "/687.9fd53c8433c2fdbf.js",
        "/699.2aebcd5be8f69b5f.js",
        "/722.74b5edb776dbcb52.js",
        "/818.91112a15b98ef72c.js",
        "/852.4564d412995ba920.js",
        "/86.255a4ebc987b7a8f.js",
        "/89.8ec47a7f39e28205.js",
        "/982.f711e216d37b2e99.js",
        "/index.html",
        "/main.7d70676f39613fa2.js",
        "/polyfills.d2cb04749a7117ac.js",
        "/runtime.e10a3dc1ff7e1f9a.js",
        "/styles.d5004c497659e0c7.css"
      ],
      "patterns": []
    },
    {
      "name": "assets",
      "installMode": "lazy",
      "updateMode": "prefetch",
      "cacheQueryOptions": {
        "ignoreVary": true
      },
      "urls": [
        "/Fondo-azul.db76fcfec73196fa.png",
        "/Fondo-gris-claro.4b124e6c71e219e3.png",
        "/Fondo-rojo.f7adb60e1ec53f8c.png",
        "/assets/font-icons/font/font.svg",
        "/assets/font-icons/font/font.ttf",
        "/assets/font-icons/font/font.woff",
        "/assets/font-icons/font/font.woff2",
        "/assets/icon/SVG/Botón 1.svg",
        "/assets/icon/SVG/Botón 2.svg",
        "/assets/icon/SVG/Cámara.svg",
        "/assets/icon/SVG/Configuración.svg",
        "/assets/icon/SVG/Globo flotante 1.svg",
        "/assets/icon/SVG/Globo flotante 2.svg",
        "/assets/icon/SVG/Icono de botón.svg",
        "/assets/icon/SVG/Llamada.svg",
        "/assets/icon/SVG/Más información.svg",
        "/assets/icon/SVG/Otras.svg",
        "/assets/icon/SVG/Salud.svg",
        "/assets/icon/SVG/Seguridad.svg",
        "/assets/icon/SVG/Servicios.svg",
        "/assets/icon/SVG/Ubicación.svg",
        "/assets/icon/SVG/boton-emergencia-menu.svg",
        "/assets/icon/SVG/configuracion-boton-menu.svg",
        "/assets/icon/SVG/legal-doc.png",
        "/assets/icon/SVG/legal-doc.svg",
        "/assets/icon/SVG/legal-document.svg",
        "/assets/icon/SVG/legal_document.svg",
        "/assets/icon/SVG/logo-flotante-rojo.png",
        "/assets/icon/SVG/menu-9.svg",
        "/assets/icon/SVG/menu.svg",
        "/assets/icon/SVG/menurARojo.svg",
        "/assets/icon/SVG/opcion.svg",
        "/assets/icon/SVG/path1.svg",
        "/assets/icon/SVG/servicios-boton-menu.svg",
        "/assets/icon/SVG/violencia.svg",
        "/assets/icon/favicon.png",
        "/assets/icon/pantallas/SVG/Azul.svg",
        "/assets/icon/pantallas/SVG/Gris claro.svg",
        "/assets/icon/pantallas/SVG/Gris oscuro.svg",
        "/assets/icon/pantallas/SVG/Menú.svg",
        "/assets/icon/pantallas/SVG/Rojo.svg",
        "/assets/icono.png",
        "/assets/logos/Azul.svg",
        "/assets/logos/CosibNegro.svg",
        "/assets/logos/Gris oscuro.svg",
        "/assets/logos/Principal.svg",
        "/assets/logos/Rojo.svg",
        "/assets/logos/cosib.svg",
        "/assets/logos/uam.svg",
        "/assets/shapes.svg",
        "/assets/texturas/SVG/Fondo azul.svg",
        "/assets/texturas/SVG/Fondo gris claro.svg",
        "/assets/texturas/SVG/Fondo gris oscuro.svg",
        "/assets/texturas/SVG/Fondo rojo.svg",
        "/assets/texturas/png/Fondo-azul.png",
        "/assets/texturas/png/Fondo-gris-claro.png",
        "/assets/texturas/png/Fondo-gris-oscuro.png",
        "/assets/texturas/png/Fondo-rojo.png",
        "/font.9d043fb2582fccd8.svg"
      ],
      "patterns": []
    }
  ],
  "dataGroups": [],
  "hashTable": {
    "/179.9fa9a4cb4886d094.js": "5e10b2e61e2e0aadd7e8890898a90293193e2112",
    "/196.48558fbfcf625811.js": "7933a7b0530779b8972168a99ac886e9cefb39d5",
    "/301.7b94a4b71398993d.js": "8c0672667959fb4f63cbbca76aee2b82a284887c",
    "/338.12fcf3e57ead2a20.js": "a6e98c34e752c55bb5a22dfcfd88cf018e0b407a",
    "/402.41f0f66fb877c563.js": "ec29d4f951cf9f0789cf1bce0eba4eeee9112ace",
    "/416.791f2199ada68a24.js": "4803a853a4a517d10761bc8c2a71fdc0baaa6f9a",
    "/499.dee85932469231d0.js": "e6dd7d4e534d55c37b674db531388ff70ec392a0",
    "/574.a80a1aa6c1855b37.js": "277aed625d81b7ff442ee0a917e29196980b50f6",
    "/622.2ec0eec4aead70d4.js": "e706ec4e2e4c8e7d3f8918ec61dc0f19c8e715af",
    "/631.e54c04fc9e4dac3e.js": "f24a1d77069e25da237155fe968ef3f9441199fe",
    "/640.e5700d9281070595.js": "c242061d26436a9420a5cafd66fc3d5c865b0ac2",
    "/687.9fd53c8433c2fdbf.js": "4e0c30321c437ff34a0c17824b286472963374d6",
    "/699.2aebcd5be8f69b5f.js": "b4be96f5c6158fa4a8c4b77b52cf2dcc78ed46c3",
    "/722.74b5edb776dbcb52.js": "7e0d1736a7436670c2944ab07e8d1d679f7fac9a",
    "/818.91112a15b98ef72c.js": "9f1cfc0a75e8536c6d96bbe80f773f342167cac3",
    "/852.4564d412995ba920.js": "53c20d3f2881c0dc3a4ce529627ad0863c7983cc",
    "/86.255a4ebc987b7a8f.js": "37692b1b281424dfa3680b959bda252b4b4e54d7",
    "/89.8ec47a7f39e28205.js": "0cac0fdd36f4d1e90387bf5b4340bccf11648bf6",
    "/982.f711e216d37b2e99.js": "511e4957aa1d05c855a0df799852266cb6578dd4",
    "/Fondo-azul.db76fcfec73196fa.png": "554eb7344a40ace39a427ecbc5eea33a0be2a462",
    "/Fondo-gris-claro.4b124e6c71e219e3.png": "762c15f2d85957998758491ea24cabedef4c5771",
    "/Fondo-rojo.f7adb60e1ec53f8c.png": "6beea104aa2fa8581b84126ad4ff0d0bcb35bc45",
    "/assets/font-icons/font/font.svg": "f797bfc695c6ceac7be0354db98ee8e205f439ab",
    "/assets/font-icons/font/font.ttf": "437f314747be91dc281ba3deee5fcc98972488a5",
    "/assets/font-icons/font/font.woff": "1a25cd8b9da5939d7f26197e38198ab2d85ad73a",
    "/assets/font-icons/font/font.woff2": "47896fd0c97958c6ec931fe26225bf1ce2b0bf4a",
    "/assets/icon/SVG/Botón 1.svg": "1b6e8ee563ffe2d3ed41209379bd22252029cb5e",
    "/assets/icon/SVG/Botón 2.svg": "2d38ba2f651d19aa35bc8fdb8895a8881e6598dc",
    "/assets/icon/SVG/Cámara.svg": "4d65540f0b66c54639fadc8920b3281f8d8edb6c",
    "/assets/icon/SVG/Configuración.svg": "43993dd1109d25c9960aca6a23bd8b3cfc3bf46c",
    "/assets/icon/SVG/Globo flotante 1.svg": "c5ecc7099951f456c816aae7158244bca31e23e0",
    "/assets/icon/SVG/Globo flotante 2.svg": "2b419f0d490f70b66299f4e0559e803ef3c1fb81",
    "/assets/icon/SVG/Icono de botón.svg": "0fbf1b4a257a4be139fe2ed4f9a1bddd24ced1e6",
    "/assets/icon/SVG/Llamada.svg": "7e53f3926743a240bc082de4d9b3019537d4f915",
    "/assets/icon/SVG/Más información.svg": "0e567b48d87bad8007876243e1e5de09ff27e35b",
    "/assets/icon/SVG/Otras.svg": "b8b592c7bd0914d5b7e6480b02cb0039d2154ca0",
    "/assets/icon/SVG/Salud.svg": "202927b66fd63d8f16adb003f49efaadd3110827",
    "/assets/icon/SVG/Seguridad.svg": "331e712bdbd8e879966d95e1b46ca9a3c9b4c793",
    "/assets/icon/SVG/Servicios.svg": "60dba1edfabe73338291cd628ef113c14cd9fbd1",
    "/assets/icon/SVG/Ubicación.svg": "4dc7f2e91a3f4823d6a9d079bace13056a2d2166",
    "/assets/icon/SVG/boton-emergencia-menu.svg": "004e8aa6daae873a9a140d43feaa164e436b9136",
    "/assets/icon/SVG/configuracion-boton-menu.svg": "ff1eb4e57dc4b1da8e2bd218499703057ae5a51b",
    "/assets/icon/SVG/legal-doc.png": "0bc42d8af7fbba513deb37f9cd843b7745a7fecb",
    "/assets/icon/SVG/legal-doc.svg": "b474bfe486523948d264dd2c568557a67e9aa7a2",
    "/assets/icon/SVG/legal-document.svg": "02bd19871caa6dddbc1c6e3d805c6af2cdfb8eb9",
    "/assets/icon/SVG/legal_document.svg": "2abd882fc82f31f0d3fef03d3516845973e60fd6",
    "/assets/icon/SVG/logo-flotante-rojo.png": "3b57882c9bdfb44647288736e4846d3a18b63b94",
    "/assets/icon/SVG/menu-9.svg": "fa7ee721b811087997d683d27296c707155dc015",
    "/assets/icon/SVG/menu.svg": "b6735bad6d2b5b6a3cb1b96849fa04e15dcffa58",
    "/assets/icon/SVG/menurARojo.svg": "802eac2d449c7579625c09d661fa3833fc456c0d",
    "/assets/icon/SVG/opcion.svg": "eeebf7536cfd4dfcd7189c0ef6bbd54638c5a7b6",
    "/assets/icon/SVG/path1.svg": "5b4d5e335beaa823b46c478bab671b311b66e43d",
    "/assets/icon/SVG/servicios-boton-menu.svg": "29686216f2b1032bf58ff12e7d7d1215ffaca46d",
    "/assets/icon/SVG/violencia.svg": "f38b9a44656fa6639b1196e083e9cdb892e37ffc",
    "/assets/icon/favicon.png": "3b57882c9bdfb44647288736e4846d3a18b63b94",
    "/assets/icon/pantallas/SVG/Azul.svg": "b30f84e851a41123345d73ca3152aee6fde91c62",
    "/assets/icon/pantallas/SVG/Gris claro.svg": "c2e52fffff1242c06b37d075751eac132e3dae47",
    "/assets/icon/pantallas/SVG/Gris oscuro.svg": "296b07d8f24183b8228f283be8cb49016789ba9c",
    "/assets/icon/pantallas/SVG/Menú.svg": "00766624299e2d76f58f717a9348ddd7aa82968f",
    "/assets/icon/pantallas/SVG/Rojo.svg": "904ced769e950a1d7d5c8dc994771131e7d9abcd",
    "/assets/icono.png": "3b57882c9bdfb44647288736e4846d3a18b63b94",
    "/assets/logos/Azul.svg": "28fda6b03910324ac6c11182f04278ead5e5a965",
    "/assets/logos/CosibNegro.svg": "f7b9b8cd7a6d48bfe753ebc2d54a3969d7213ced",
    "/assets/logos/Gris oscuro.svg": "5b81fc9daf820425a95433650af709a312020f7d",
    "/assets/logos/Principal.svg": "8dc567200262710d8c92372c703fbcc7e72c6f6f",
    "/assets/logos/Rojo.svg": "165994726fbae4ce1fd9d07bb3a830ed800b7b74",
    "/assets/logos/cosib.svg": "391ae521b3e7977b3f27d1ea31315445a7d6d58f",
    "/assets/logos/uam.svg": "6b82490fa9c9d15f9dc7ae259a231b2a0099642b",
    "/assets/shapes.svg": "5413e95adabcb2cb639970051f55e0ddb64ace53",
    "/assets/texturas/SVG/Fondo azul.svg": "6857c3719cd652f4e7d5c7ac5a0d41b9d6925c42",
    "/assets/texturas/SVG/Fondo gris claro.svg": "804b45681103ad7ff85ea95fcb1688ef3fc0e66b",
    "/assets/texturas/SVG/Fondo gris oscuro.svg": "3f0c6fe010c504a8de67b7d4152f33dd6427f9ea",
    "/assets/texturas/SVG/Fondo rojo.svg": "5016a05a69ba6fa1409d38cb2b8bd1e0ccac03e1",
    "/assets/texturas/png/Fondo-azul.png": "554eb7344a40ace39a427ecbc5eea33a0be2a462",
    "/assets/texturas/png/Fondo-gris-claro.png": "762c15f2d85957998758491ea24cabedef4c5771",
    "/assets/texturas/png/Fondo-gris-oscuro.png": "553a69ca469783235923a6aa861a5dcfe29e4c23",
    "/assets/texturas/png/Fondo-rojo.png": "6beea104aa2fa8581b84126ad4ff0d0bcb35bc45",
    "/font.9d043fb2582fccd8.svg": "f797bfc695c6ceac7be0354db98ee8e205f439ab",
    "/index.html": "991ddd812c39ef7ce8fae0194427007c9a7193e6",
    "/main.7d70676f39613fa2.js": "d775fed32ff29967e59409e18b28587d779b719a",
    "/polyfills.d2cb04749a7117ac.js": "c42e7e82e801a48efc543dd68297737acfdfe6dd",
    "/runtime.e10a3dc1ff7e1f9a.js": "28e1a2463b1e6b97b77db543db07a6e35e2cf6d6",
    "/styles.d5004c497659e0c7.css": "058ba5a08d6f7e0dc058de79592554ef5100e6bb"
  },
  "navigationUrls": [
    {
      "positive": true,
      "regex": "^\\/.*$"
    },
    {
      "positive": false,
      "regex": "^\\/(?:.+\\/)?[^/]*\\.[^/]*$"
    },
    {
      "positive": false,
      "regex": "^\\/(?:.+\\/)?[^/]*__[^/]*$"
    },
    {
      "positive": false,
      "regex": "^\\/(?:.+\\/)?[^/]*__[^/]*\\/.*$"
    }
  ],
  "navigationRequestStrategy": "performance"
}